instrument_id,price,high_price_of_day,low_price_of_day,open_price_of_day,previous_close_price_of_day,change_amount,change_percent,volume,market_cap,timestamp
1,175.50,176.25,174.80,175.00,174.25,1.25,0.72,52500000,2750000000000,2026-01-15T10:30:00
2,425.50,428.00,424.25,426.00,424.50,1.00,0.24,45000000,2850000000000,2026-01-15T10:30:00
3,182.50,185.00,181.75,183.00,181.25,1.25,0.69,38000000,1200000000000,2026-01-15T10:30:00
4,245.75,248.50,242.00,244.00,241.50,4.25,1.76,52000000,780000000000,2026-01-15T10:30:00
5,178.25,180.50,177.00,178.75,176.50,1.75,0.99,48000000,1750000000000,2026-01-15T10:30:00
6,892.50,905.00,885.00,890.00,880.00,12.50,1.42,35000000,2200000000000,2026-01-15T10:30:00
7,498.75,505.00,495.00,500.00,492.50,6.25,1.27,42000000,1280000000000,2026-01-15T10:30:00
8,545.25,550.00,540.00,543.00,541.00,4.25,0.79,28000000,1650000000000,2026-01-15T10:30:00
9,198.50,202.00,197.00,200.00,195.50,3.00,1.53,55000000,570000000000,2026-01-15T10:30:00
10,162.75,165.00,161.50,163.00,160.75,2.00,1.24,38000000,380000000000,2026-01-15T10:30:00
11,265.50,268.00,263.50,265.00,262.50,3.00,1.14,42000000,560000000000,2026-01-15T10:30:00
12,92.75,94.00,91.50,93.00,91.25,1.50,1.64,65000000,245000000000,2026-01-15T10:30:00
13,168.25,170.50,167.00,169.00,166.75,1.50,0.90,35000000,455000000000,2026-01-15T10:30:00
14,425.75,430.00,422.50,427.00,421.50,4.25,1.01,48000000,435000000000,2026-01-15T10:30:00
15,45.50,46.50,44.75,45.75,44.50,1.00,2.25,72000000,220000000000,2026-01-15T10:30:00
16,32.75,33.50,32.00,32.50,32.10,0.65,2.02,88000000,130000000000,2026-01-15T10:30:00
17,685.50,695.00,680.00,688.00,675.50,10.00,1.48,41000000,210000000000,2026-01-15T10:30:00
18,525.25,535.00,520.00,528.00,518.50,6.75,1.30,33000000,245000000000,2026-01-15T10:30:00
19,38.50,39.75,37.25,38.75,37.50,1.00,2.67,95000000,140000000000,2026-01-15T10:30:00
20,28.75,29.50,28.00,28.50,27.75,1.00,3.60,105000000,115000000000,2026-01-15T10:30:00
21,35.25,36.00,34.80,35.50,34.75,0.50,1.44,38000000,280000000000,2026-01-15T10:30:00
22,125.50,128.00,124.50,126.00,124.75,0.75,0.60,42000000,1900000000000,2026-01-15T10:30:00
23,52.75,54.00,52.00,53.00,51.75,1.00,1.93,65000000,420000000000,2026-01-15T10:30:00
24,168.25,171.00,167.50,169.00,167.00,1.25,0.75,48000000,690000000000,2026-01-15T10:30:00
25,215.50,218.00,213.50,214.75,212.50,3.00,1.41,55000000,1100000000000,2026-01-15T10:30:00
26,145.75,148.50,144.00,146.50,143.50,2.25,1.57,52000000,850000000000,2026-01-15T10:30:00
27,185.50,188.00,183.75,186.00,184.25,1.25,0.68,47000000,920000000000,2026-01-15T10:30:00
28,618.50,625.00,615.00,620.00,612.50,6.00,0.98,38000000,2450000000000,2026-01-15T10:30:00
29,245.75,250.00,243.50,247.00,242.75,3.00,1.24,58000000,680000000000,2026-01-15T10:30:00